"0","#| label: cfa-twofactor-B-loadings-table"
"0","#| echo: true"
"0","#| message: false"
"0","#| warning: false"
"0",""
"0","# -------------------------------------------------------------------"
"0","# Extract standardized factor loadings (AFF, SOM) for Model B"
"0","# -------------------------------------------------------------------"
"0",""
"0","get_loadings_2B <- function(fit, group_label) {"
"0","  pe <- parameterEstimates(fit, standardized = TRUE)"
"0",""
"0","  pe <- pe["
"0","    pe$op == ""=~"" & pe$lhs %in% c(""AFF"", ""SOM""),"
"0","    c(""lhs"", ""rhs"", ""std.all"")"
"0","  ]"
"0",""
"0","  data.frame("
"0","    Factor  = pe$lhs,"
"0","    Item    = toupper(pe$rhs),"
"0","    Group   = group_label,"
"0","    Loading = pe$std.all,"
"0","    stringsAsFactors = FALSE"
"0","  )"
"0","}"
"0",""
"0","# -------------------------------------------------------------------"
"0","# Helper to compute omega for a single factor from a lavaan fit"
"0","# (based on standardized loadings and residual variances)"
"0","# -------------------------------------------------------------------"
"0",""
"0","compute_omega_factor_2B <- function(fit, factor_name) {"
"0","  pe <- parameterEstimates(fit, standardized = TRUE)"
"0",""
"0","  # Standardized loadings for this factor"
"0","  load_rows <- pe$op == ""=~"" & pe$lhs == factor_name"
"0","  lambdas   <- pe$std.all[load_rows]"
"0","  items     <- pe$rhs[load_rows]"
"0",""
"0","  # Residual variances for those items (std.all, lhs == rhs)"
"0","  theta_rows <- pe$op == ""~~"" & pe$lhs %in% items & pe$lhs == pe$rhs"
"0","  thetas     <- pe$std.all[theta_rows]"
"0",""
"0","  # McDonald's omega for an equal-weight composite"
"0","  num <- (sum(lambdas))^2"
"0","  den <- num + sum(thetas)"
"0",""
"0","  omega <- num / den"
"0","  return(omega)"
"0","}"
"0",""
"0","# -------------------------------------------------------------------"
"0","# Collect loadings across all analytic subgroups (long format)"
"0","# -------------------------------------------------------------------"
"0",""
"0","loadings_2B_long <- rbind("
"0","  get_loadings_2B(fit_2B_total_men,   ""Total Men""),"
"0","  get_loadings_2B(fit_2B_total_women, ""Total Women""),"
"0","  get_loadings_2B(fit_2B_fm,          ""Filipino American Men""),"
"0","  get_loadings_2B(fit_2B_fw,          ""Filipino American Women""),"
"0","  get_loadings_2B(fit_2B_em,          ""European American Men""),"
"0","  get_loadings_2B(fit_2B_ew,          ""European American Women""),"
"0","  get_loadings_2B(fit_2B_fa,          ""Filipino Americans""),"
"0","  get_loadings_2B(fit_2B_ea,          ""European Americans"")"
"0",")"
"0",""
"0","# -------------------------------------------------------------------"
"0","# Compute omegas for AFF and SOM in each subgroup"
"0","# -------------------------------------------------------------------"
"0",""
"0","get_omegas_2B <- function(fit, group_label) {"
"0","  data.frame("
"0","    Factor = c(""AFF"", ""SOM""),"
"0","    Group  = group_label,"
"0","    Omega  = c("
"0","      compute_omega_factor_2B(fit, ""AFF""),"
"0","      compute_omega_factor_2B(fit, ""SOM"")"
"0","    ),"
"0","    stringsAsFactors = FALSE"
"0","  )"
"0","}"
"0",""
"0","omegas_2B_long <- rbind("
"0","  get_omegas_2B(fit_2B_total_men,   ""Total Men""),"
"0","  get_omegas_2B(fit_2B_total_women, ""Total Women""),"
"0","  get_omegas_2B(fit_2B_fm,          ""Filipino American Men""),"
"0","  get_omegas_2B(fit_2B_fw,          ""Filipino American Women""),"
"0","  get_omegas_2B(fit_2B_em,          ""European American Men""),"
"0","  get_omegas_2B(fit_2B_ew,          ""European American Women""),"
"0","  get_omegas_2B(fit_2B_fa,          ""Filipino Americans""),"
"0","  get_omegas_2B(fit_2B_ea,          ""European Americans"")"
"0",")"
"0",""
"0","# -------------------------------------------------------------------"
"0","# Convert loadings to wide format and order by factor and item"
"0","# -------------------------------------------------------------------"
"0",""
"0","loadings_2B_wide <- loadings_2B_long %>%"
"0","  dplyr::mutate(Loading = round(Loading, 2)) %>%"
"0","  tidyr::pivot_wider("
"0","    id_cols    = c(Factor, Item),"
"0","    names_from = Group,"
"0","    values_from = Loading"
"0","  ) %>%"
"0","  dplyr::arrange(Factor, Item)"
"0",""
"0","# -------------------------------------------------------------------"
"0","# Convert omegas to wide format and append as ""Omega"" row per factor"
"0","# -------------------------------------------------------------------"
"0",""
"0","group_cols <- setdiff(names(loadings_2B_wide), c(""Factor"", ""Item""))"
"0",""
"0","omegas_2B_wide <- omegas_2B_long %>%"
"0","  dplyr::mutate(Omega = round(Omega, 2)) %>%"
"0","  tidyr::pivot_wider("
"0","    id_cols    = Factor,"
"0","    names_from = Group,"
"0","    values_from = Omega"
"0","  ) %>%"
"0","  # Add Item label and align column order with loadings table"
"0","  dplyr::mutate(Item = ""Omega"") %>%"
"0","  dplyr::select(Factor, Item, dplyr::all_of(group_cols))"
"0",""
"0","# Bind loadings and omega rows, keep ""Omega"" at bottom within each factor"
"0","loadings_2B_with_omega <- dplyr::bind_rows(loadings_2B_wide, omegas_2B_wide) %>%"
"0","  dplyr::mutate("
"0","    Item = factor("
"0","      Item,"
"0","      levels = c("
"0","        ""PHQ1"", ""PHQ2"", ""PHQ3"", ""PHQ4"", ""PHQ5"", ""PHQ6"", ""PHQ7"", ""PHQ8"", ""Omega"""
"0","      )"
"0","    )"
"0","  ) %>%"
"0","  dplyr::arrange(Factor, Item)"
"0",""
"0","# -------------------------------------------------------------------"
"0","# Format loadings + omega table for reporting (Tables 5 and 6)"
"0","# -------------------------------------------------------------------"
"0",""
"0","gt_cfa_2B_loadings <- loadings_2B_with_omega %>%"
"0","  gt::gt() %>%"
"0","  gt::tab_spanner("
"0","    label   = ""Standardized Loadings (rows PHQ1–PHQ8) and Omega (row Omega)"","
"0","    columns = -c(Factor, Item)"
"0","  ) %>%"
"0","  gt::tab_header("
"0","    title = gt::md(""Standardized Loadings and Omega for Two-Factor Model B of the PHQ-8 by Group"")"
"0","  )"
"0",""
