"0","#| label: sample-characteristics-data"
"0","#| echo: true"
"0","#| message: false"
"0","#| warning: false"
"0",""
"0","fil_total  <- phq_total %>% dplyr::filter(filipino == 1)"
"0","fil_women  <- phq_total %>% dplyr::filter(filipino == 1, female == 1)"
"0","fil_men    <- phq_total %>% dplyr::filter(filipino == 1, female == 0)"
"0",""
"0","ea_total   <- phq_total %>% dplyr::filter(filipino == 0)"
"0","ea_women   <- phq_total %>% dplyr::filter(filipino == 0, female == 1)"
"0","ea_men     <- phq_total %>% dplyr::filter(filipino == 0, female == 0)"
"0",""
"0","n_fil_total <- nrow(fil_total)"
"0","n_fil_women <- nrow(fil_women)"
"0","n_fil_men   <- nrow(fil_men)"
"0",""
"0","n_ea_total  <- nrow(ea_total)"
"0","n_ea_women  <- nrow(ea_women)"
"0","n_ea_men    <- nrow(ea_men)"
"0",""
"0","age_summary <- function(df) {"
"0","  c("
"0","    mean = mean(df$age, na.rm = TRUE),"
"0","    sd   = stats::sd(df$age, na.rm = TRUE)"
"0","  )"
"0","}"
"0",""
"0","prop_pct <- function(x, levels_vec) {"
"0","  tab <- prop.table(table(factor(x, levels = levels_vec))) * 100"
"0","  as.numeric(tab)"
"0","}"
"0",""
"0","age_fil_total <- age_summary(fil_total)"
"0","age_fil_women <- age_summary(fil_women)"
"0","age_fil_men   <- age_summary(fil_men)"
"0",""
"0","age_ea_total  <- age_summary(ea_total)"
"0","age_ea_women  <- age_summary(ea_women)"
"0","age_ea_men    <- age_summary(ea_men)"
"0",""
"0","age_df <- dplyr::bind_rows("
"0","  tibble::tibble("
"0","    Domain   = ""Age (18–25 years)"","
"0","    Category = ""M"","
"0","    Fil_Total  = age_fil_total[""mean""],"
"0","    Fil_Women  = age_fil_women[""mean""],"
"0","    Fil_Men    = age_fil_men[""mean""],"
"0","    EA_Total   = age_ea_total[""mean""],"
"0","    EA_Women   = age_ea_women[""mean""],"
"0","    EA_Men     = age_ea_men[""mean""]"
"0","  ),"
"0","  tibble::tibble("
"0","    Domain   = ""Age (18–25 years)"","
"0","    Category = ""SD"","
"0","    Fil_Total  = age_fil_total[""sd""],"
"0","    Fil_Women  = age_fil_women[""sd""],"
"0","    Fil_Men    = age_fil_men[""sd""],"
"0","    EA_Total   = age_ea_total[""sd""],"
"0","    EA_Women   = age_ea_women[""sd""],"
"0","    EA_Men     = age_ea_men[""sd""]"
"0","  )"
"0",")"
"0",""
"0","sex_levels <- c(0, 1)"
"0",""
"0","sex_fil <- prop_pct(fil_total$female, levels_vec = sex_levels)"
"0","sex_ea  <- prop_pct(ea_total$female,  levels_vec = sex_levels)"
"0",""
"0","sex_df <- dplyr::bind_rows("
"0","  tibble::tibble("
"0","    Domain   = ""sex"","
"0","    Category = ""Men"","
"0","    Fil_Total  = sex_fil[1],"
"0","    Fil_Women  = NA_real_,"
"0","    Fil_Men    = NA_real_,"
"0","    EA_Total   = sex_ea[1],"
"0","    EA_Women   = NA_real_,"
"0","    EA_Men     = NA_real_"
"0","  ),"
"0","  tibble::tibble("
"0","    Domain   = ""sex"","
"0","    Category = ""Women"","
"0","    Fil_Total  = sex_fil[2],"
"0","    Fil_Women  = NA_real_,"
"0","    Fil_Men    = NA_real_,"
"0","    EA_Total   = sex_ea[2],"
"0","    EA_Women   = NA_real_,"
"0","    EA_Men     = NA_real_"
"0","  )"
"0",")"
"0",""
"0","classification_levels <- 1:4"
"0","classification_labels <- c(""Freshmen"", ""Sophomores"", ""Juniors"", ""Seniors"")"
"0",""
"0","class_fil_total <- prop_pct(fil_total$classification, levels_vec = classification_levels)"
"0","class_fil_women <- prop_pct(fil_women$classification, levels_vec = classification_levels)"
"0","class_fil_men   <- prop_pct(fil_men$classification,   levels_vec = classification_levels)"
"0",""
"0","class_ea_total  <- prop_pct(ea_total$classification,  levels_vec = classification_levels)"
"0","class_ea_women  <- prop_pct(ea_women$classification,  levels_vec = classification_levels)"
"0","class_ea_men    <- prop_pct(ea_men$classification,    levels_vec = classification_levels)"
"0",""
"0","class_df <- purrr::map_dfr("
"0","  seq_along(classification_levels),"
"0","  ~ tibble::tibble("
"0","    Domain   = ""Classifications"","
"0","    Category = classification_labels[.x],"
"0","    Fil_Total  = class_fil_total[.x],"
"0","    Fil_Women  = class_fil_women[.x],"
"0","    Fil_Men    = class_fil_men[.x],"
"0","    EA_Total   = class_ea_total[.x],"
"0","    EA_Women   = class_ea_women[.x],"
"0","    EA_Men     = class_ea_men[.x]"
"0","  )"
"0",")"
"0",""
"0","gen_levels <- 1:3"
"0","gen_labels <- c(""1st generation"", ""2nd generation"", ""3rd generation"")"
"0",""
"0","gen_fil_total <- prop_pct(fil_total$genstat, levels_vec = gen_levels)"
"0","gen_fil_women <- prop_pct(fil_women$genstat, levels_vec = gen_levels)"
"0","gen_fil_men   <- prop_pct(fil_men$genstat,   levels_vec = gen_levels)"
"0",""
"0","gen_ea_total <- prop_pct(ea_total$genstat, levels_vec = gen_levels)"
"0","gen_ea_women <- prop_pct(ea_women$genstat, levels_vec = gen_levels)"
"0","gen_ea_men   <- prop_pct(ea_men$genstat,   levels_vec = gen_levels)"
"0",""
"0","gen_df <- purrr::map_dfr("
"0","  seq_along(gen_levels),"
"0","  ~ {"
"0","    fil_total_val <- gen_fil_total[.x]"
"0","    fil_women_val <- gen_fil_women[.x]"
"0","    fil_men_val   <- gen_fil_men[.x]"
"0",""
"0","    if (gen_labels[.x] == ""3rd generation"") {"
"0","      ea_total_val <- gen_ea_total[.x]"
"0","      ea_women_val <- gen_ea_women[.x]"
"0","      ea_men_val   <- gen_ea_men[.x]"
"0","    } else {"
"0","      ea_total_val <- NA_real_"
"0","      ea_women_val <- NA_real_"
"0","      ea_men_val   <- NA_real_"
"0","    }"
"0",""
"0","    tibble::tibble("
"0","      Domain   = ""Generation statuses"","
"0","      Category = gen_labels[.x],"
"0","      Fil_Total  = fil_total_val,"
"0","      Fil_Women  = fil_women_val,"
"0","      Fil_Men    = fil_men_val,"
"0","      EA_Total   = ea_total_val,"
"0","      EA_Women   = ea_women_val,"
"0","      EA_Men     = ea_men_val"
"0","    )"
"0","  }"
"0",")"
"0",""
"0","demo_df <- dplyr::bind_rows("
"0","  age_df,"
"0","  sex_df,"
"0","  class_df,"
"0","  gen_df"
"0",")"
"0",""
